FundName,date,Bid ,Offer
Amana Growth, 01-Aug-2014,110.9895,110.9895
Amana Growth, 04-Aug-2014,111.2177,111.2177
Amana Growth, 05-Aug-2014,111.1532,111.1532
Amana Growth, 06-Aug-2014,111.3487,111.3487
Amana Growth, 07-Aug-2014,111.7383,111.7383
Amana Growth, 08-Aug-2014,111.3819,111.3819
Amana Growth, 11-Aug-2014,111.2565,111.2565
Amana Growth, 12-Aug-2014,111.2737,111.2737
Amana Growth, 13-Aug-2014,111.3567,111.3567
Amana Growth, 14-Aug-2014,111.6038,111.6038
Amana Growth, 15-Aug-2014,111.7253,111.7253
Amana Growth, 18-Aug-2014,110.8549,110.8549
Amana Growth, 19-Aug-2014,110.8249,110.8249
Amana Growth, 20-Aug-2014,110.7636,110.7636
Amana Growth, 21-Aug-2014,110.82,110.82
Amana Growth, 22-Aug-2014,111.0387,111.0387
Amana Growth, 25-Aug-2014,110.9981,110.9981
Amana Growth, 26-Aug-2014,111.2398,111.2398
Amana Growth, 27-Aug-2014,111.1656,111.1656
Amana Growth, 28-Aug-2014,111.1252,111.1252
Amana Growth, 29-Aug-2014,111.2089,111.2089
Amana Growth, 30-Aug-2014,111.3921,111.3921
Amana Growth, 31-Aug-2014,111.4117,111.4117
Amana Growth, 01-Sep-2014,111.6549,111.6549
Amana Growth, 02-Sep-2014,111.9705,111.9705
Amana Growth, 03-Sep-2014,111.7784,111.7784
Amana Growth, 04-Sep-2014,112.1267,112.1267
Amana Growth, 05-Sep-2014,111.6787,111.6787
Amana Growth, 08-Sep-2014,111.4117,111.4117
Amana Growth, 09-Sep-2014,111.5989,111.5989
Amana Growth, 10-Sep-2014,112.1489,112.1489
Amana Growth, 11-Sep-2014,111.9369,111.9369
Amana Growth, 12-Sep-2014,111.7016,111.7016
Amana Growth, 15-Sep-2014,111.558,111.558
Amana Growth, 16-Sep-2014,111.9244,111.9244
Amana Growth, 17-Sep-2014,111.9161,111.9161
Amana Growth, 18-Sep-2014,111.5356,111.5356
Amana Growth, 19-Sep-2014,111.4945,111.4945
Amana Growth, 22-Sep-2014,111.6281,111.6281
Amana Growth, 23-Sep-2014,112.6226,112.6226
Amana Growth, 24-Sep-2014,111.2402,111.2402
Amana Growth, 25-Sep-2014,111.2787,111.2787
Amana Growth, 26-Sep-2014,111.6548,111.6548
Amana Growth, 29-Sep-2014,111.8188,111.8188
Amana Growth, 30-Sep-2014,111.8519,111.8519
Amana Growth, 01-Oct-2014,111.9798,111.9798
Amana Growth, 02-Oct-2014,111.5524,111.5524
Amana Growth, 03-Oct-2014,112.1548,112.1548
Amana Growth, 06-Oct-2014,112.0556,112.0556
Amana Growth, 07-Oct-2014,112.2537,112.2537
Amana Growth, 08-Oct-2014,112.1042,112.1042
Amana Growth, 09-Oct-2014,113.4763,113.4763
Amana Growth, 10-Oct-2014,114.508,114.508
Amana Growth, 13-Oct-2014,114.3865,114.3865
Amana Growth, 14-Oct-2014,115.4336,115.4336
Amana Growth, 15-Oct-2014,115.2723,115.2723
Amana Growth, 16-Oct-2014,114.5746,114.5746
Amana Growth, 17-Oct-2014,114.0414,114.0414
Amana Growth, 21-Oct-2014,114.0477,114.0477
Amana Growth, 22-Oct-2014,114.3537,114.3537
Amana Growth, 23-Oct-2014,114.7061,114.7061
Amana Growth, 24-Oct-2014,112.7499,112.7499
Amana Growth, 27-Oct-2014,112.4719,112.4719
Amana Growth, 28-Oct-2014,112.3677,112.3677
Amana Growth, 29-Oct-2014,112.5884,112.5884
Amana Growth, 30-Oct-2014,113.7187,113.7187
Amana Growth, 31-Oct-2014,112.2714,112.2714
Amana Growth, 03-Nov-2014,112.6484,112.6484
Amana Growth, 04-Nov-2014,112.2727,112.2727
Amana Growth, 05-Nov-2014,113.4175,113.4175
Amana Growth, 06-Nov-2014,114.8101,114.8101
Amana Growth, 07-Nov-2014,114.7134,114.7134
Amana Growth, 10-Nov-2014,113.7181,113.7181
Amana Growth, 11-Nov-2014,113.7818,113.7818
Amana Growth, 12-Nov-2014,114.275,114.275
Amana Growth, 13-Nov-2014,114.9458,114.9458
Amana Growth, 14-Nov-2014,115.4371,115.4371
Amana Growth, 17-Nov-2014,115.4839,115.4839
Amana Growth, 18-Nov-2014,114.8427,114.8427
Amana Growth, 19-Nov-2014,114.76,114.76
Amana Growth, 20-Nov-2014,114.7151,114.7151
Amana Growth, 21-Nov-2014,115.416,115.416
Amana Growth, 24-Nov-2014,115.8305,115.8305
Amana Growth, 25-Nov-2014,115.843,115.843
Amana Growth, 26-Nov-2014,116.5831,116.5831
Amana Growth, 27-Nov-2014,116.5979,116.5979
Amana Growth, 28-Nov-2014,115.7284,115.7284
Amana Growth, 29-Nov-2014,115.2256,115.2256
Amana Growth, 30-Nov-2014,115.1582,115.1582
Amana Growth, 01-Dec-2014,116.4906,116.4906
Amana Growth, 02-Dec-2014,116.4217,116.4217
Amana Growth, 03-Dec-2014,115.8759,115.8759
Amana Growth, 04-Dec-2014,115.6347,115.6347
Amana Growth, 05-Dec-2014,116.3703,116.3703
Amana Growth, 08-Dec-2014,116.3734,116.3734
Amana Growth, 09-Dec-2014,116.7446,116.7446
Amana Growth, 10-Dec-2014,116.3251,116.3251
Amana Growth, 11-Dec-2014,115.5556,115.5556
Amana Growth, 15-Dec-2014,123.7111,123.7111
Amana Growth, 16-Dec-2014,115.1366,115.1366
Amana Growth, 17-Dec-2014,115.3382,115.3382
Amana Growth, 18-Dec-2014,115.4528,115.4528
Amana Growth, 19-Dec-2014,115.467,115.467
Amana Growth, 22-Dec-2014,115.4227,115.4227
Amana Growth, 31-Dec-2014,114.5221,114.5221
Amana Growth, 02-Jan-2015,115.162,115.162
Amana Growth, 05-Jan-2015,114.7571,114.7571
Amana Growth, 06-Jan-2015,115.6613,115.6613
Amana Growth, 07-Jan-2015,117.3,117.3
Amana Growth, 08-Jan-2015,116.3721,116.3721
Amana Growth, 09-Jan-2015,116.0724,116.0724
Amana Growth, 12-Jan-2015,118.1694,118.1694
Amana Growth, 13-Jan-2015,118.5435,118.5435
Amana Growth, 14-Jan-2015,119.1241,119.1241
Amana Growth, 15-Jan-2015,119.2404,119.2404
Amana Growth, 16-Jan-2015,118.5901,118.5901
Amana Growth, 19-Jan-2015,118.8577,118.8577
Amana Growth, 20-Jan-2015,117.7354,117.7354
Amana Growth, 21-Jan-2015,117.2927,117.2927
Amana Growth, 22-Jan-2015,118.6654,118.6654
Amana Growth, 23-Jan-2015,117.9342,117.9342
Amana Growth, 26-Jan-2015,118.0029,118.0029
Amana Growth, 27-Jan-2015,117.1131,117.1131
Amana Growth, 28-Jan-2015,118.1258,118.1258
Amana Growth, 29-Jan-2015,117.819,117.819
Amana Growth, 30-Jan-2015,117.6249,117.6249
Amana Growth, 02-Feb-2015,118.0929,118.0929
Amana Growth, 03-Feb-2015,118.5921,118.5921
Amana Growth, 04-Feb-2015,118.542,118.542
Amana Growth, 05-Feb-2015,118.9643,118.9643
Amana Growth, 06-Feb-2015,119.3664,119.3664
Amana Growth, 09-Feb-2015,119.1014,119.1014
Amana Growth, 10-Feb-2015,119.3594,119.3594
Amana Growth, 11-Feb-2015,119.9358,119.9358
Amana Growth, 12-Feb-2015,120.1505,120.1505
Amana Growth, 13-Feb-2015,120.1042,120.1042
Amana Growth, 16-Feb-2015,120.819,120.819
Amana Growth, 17-Feb-2015,121.2968,121.2968
Amana Growth, 18-Feb-2015,121.7012,121.7012
Amana Growth, 19-Feb-2015,122.835,122.835
Amana Growth, 20-Feb-2015,123.889,123.889
Amana Growth, 23-Feb-2015,123.446,123.446
Amana Growth, 24-Feb-2015,122.9892,122.9892
Amana Growth, 25-Feb-2015,123.14,123.14
Amana Growth, 26-Feb-2015,123.1102,123.1102
Amana Growth, 27-Feb-2015,122.2662,122.2662
Amana Growth, 28-Feb-2015,122.2728,122.2728
Amana Growth, 02-Mar-2015,122.0805,122.0805
Amana Growth, 03-Mar-2015,121.995,121.995
Amana Growth, 04-Mar-2015,121.2471,121.2471
Amana Growth, 05-Mar-2015,121.3553,121.3553
Amana Growth, 06-Mar-2015,123.6418,123.6418
Amana Growth, 09-Mar-2015,122.1064,122.1064
Amana Growth, 10-Mar-2015,122.1249,122.1249
Amana Growth, 11-Mar-2015,122.2285,122.2285
Amana Growth, 12-Mar-2015,123.2924,123.2924
Amana Growth, 13-Mar-2015,123.0833,123.0833
Amana Growth, 16-Mar-2015,123.2986,123.2986
Amana Growth, 17-Mar-2015,122.849,122.849
Amana Growth, 18-Mar-2015,123.8995,123.8995
Amana Growth, 19-Mar-2015,125.574,125.574
Amana Growth, 20-Mar-2015,125.4745,125.4745
Amana Growth, 23-Mar-2015,125.1619,125.1619
Amana Growth, 24-Mar-2015,125.2703,125.2703
Amana Growth, 25-Mar-2015,125.1259,125.1259
Amana Growth, 26-Mar-2015,124.5443,124.5443
Amana Growth, 27-Mar-2015,124.4071,124.4071
Amana Growth, 30-Mar-2015,124.8858,124.8858
Amana Growth, 31-Mar-2015,127.1195,127.1195
Amana Growth, 01-Apr-2015,127.0038,127.0038
Amana Growth, 02-Apr-2015,127.2814,127.2814
Amana Growth, 07-Apr-2015,125.8949,125.8949
Amana Growth, 08-Apr-2015,125.7487,125.7487
Amana Growth, 09-Apr-2015,124.1877,124.1877
Amana Growth, 10-Apr-2015,125.5702,125.5702
Amana Growth, 13-Apr-2015,124.715,124.715
Amana Growth, 14-Apr-2015,125.3267,125.3267
Amana Growth, 15-Apr-2015,125.6364,125.6364
Amana Growth, 16-Apr-2015,125.6647,125.6647
Amana Growth, 17-Apr-2015,125.413,125.413
Amana Growth, 20-Apr-2015,126.0551,126.0551
Amana Growth, 21-Apr-2015,125.8165,125.8165
Amana Growth, 22-Apr-2015,127.2879,127.2879
Amana Growth, 23-Apr-2015,124.9419,124.9419
Amana Growth, 24-Apr-2015,125.1708,125.1708
Amana Growth, 27-Apr-2015,124.5172,124.5172
Amana Growth, 28-Apr-2015,124.4181,124.4181
Amana Growth, 29-Apr-2015,124.561,124.561
Amana Growth, 30-Apr-2015,124.5999,124.5999
Amana Growth, 04-May-2015,125.0747,125.0747
Amana Growth, 05-May-2015,125.2667,125.2667
Amana Growth, 06-May-2015,129.98,129.98
Amana Growth, 07-May-2015,125.1186,125.1186
Amana Growth, 08-May-2015,125.2536,125.2536
Amana Growth, 11-May-2015,125.5258,125.5258
Amana Growth, 12-May-2015,123.5279,123.5279
Amana Growth, 13-May-2015,123.5957,123.5957
Amana Growth, 14-May-2015,121.4876,121.4876
Amana Growth, 15-May-2015,123.098,123.098
Amana Growth, 18-May-2015,123.0384,123.0384
Amana Growth, 19-May-2015,122.4995,122.4995
Amana Growth, 20-May-2015,122.3054,122.3054
Amana Growth, 21-May-2015,121.5985,121.5985
Amana Growth, 22-May-2015,121.7525,121.7525
Amana Growth, 25-May-2015,121.1219,121.1219
Amana Growth, 26-May-2015,120.7023,120.7023
Amana Growth, 27-May-2015,120.9958,120.9958
Amana Growth, 28-May-2015,120.393,120.393
Amana Growth, 29-May-2015,120.2913,120.2913
Amana Growth, 30-May-2015,120.703,120.703
Amana Growth, 31-May-2015,120.7037,120.7037
Amana Growth, 02-Jun-2015,121.3495,121.3495
Amana Growth, 03-Jun-2015,122.0843,122.0843
Amana Growth, 04-Jun-2015,123.0365,123.0365
Amana Growth, 05-Jun-2015,123.0183,123.0183
Amana Growth, 08-Jun-2015,123.0652,123.0652
Amana Growth, 09-Jun-2015,122.9288,122.9288
Amana Growth, 10-Jun-2015,122.9882,122.9882
Amana Growth, 11-Jun-2015,123.3473,123.3473
Amana Growth, 12-Jun-2015,123.5541,123.5541
Amana Growth, 15-Jun-2015,123.5872,123.5872
Amana Growth, 16-Jun-2015,123.6842,123.6842
Amana Growth, 17-Jun-2015,123.6815,123.6815
Amana Growth, 18-Jun-2015,123.6416,123.6416
Amana Growth, 19-Jun-2015,123.854,123.854
Amana Growth, 22-Jun-2015,124.354,124.354
Amana Growth, 23-Jun-2015,124.9797,124.9797
Amana Growth, 24-Jun-2015,123.8381,123.8381
Amana Growth, 25-Jun-2015,124.1706,124.1706
Amana Growth, 26-Jun-2015,124.1122,124.1122
Amana Growth, 29-Jun-2015,124.2957,124.2957
Amana Growth, 30-Jun-2015,124.758,124.758
Amana Growth, 01-Jul-2015,125.3626,125.3626
Amana Growth, 02-Jul-2015,124.6812,124.6812
Amana Growth, 03-Jul-2015,124.0074,124.0074
Amana Growth, 06-Jul-2015,124.0778,124.0778
Amana Growth, 07-Jul-2015,123.2467,123.2467
Amana Growth, 08-Jul-2015,123.2583,123.2583
Amana Growth, 09-Jul-2015,122.8764,122.8764
Amana Growth, 10-Jul-2015,122.1742,122.1742
Amana Growth, 13-Jul-2015,122.875,122.875
Amana Growth, 14-Jul-2015,122.4367,122.4367
Amana Growth, 15-Jul-2015,121.5835,121.5835
Amana Growth, 16-Jul-2015,121.8585,121.8585
Amana Growth, 17-Jul-2015,121.1483,121.1483
Amana Growth, 20-Jul-2015,121.0686,121.0686
Amana Growth, 21-Jul-2015,120.4473,120.4473
Amana Growth, 22-Jul-2015,120.6585,120.6585
Amana Growth, 23-Jul-2015,120.1463,120.1463
Amana Growth, 24-Jul-2015,120.7583,120.7583
Amana Growth, 27-Jul-2015,120.3788,120.3788
Amana Growth, 28-Jul-2015,120.6787,120.6787
Amana Growth, 29-Jul-2015,120.9874,120.9874
Amana Growth, 30-Jul-2015,120.2911,120.2911
Amana Growth, 31-Jul-2015,119.5885,119.5885
Amana Growth, 03-Aug-2015,120.1517,120.1517
Amana Growth, 04-Aug-2015,119.6149,119.6149
Amana Growth, 05-Aug-2015,118.6025,118.6025
Amana Growth, 06-Aug-2015,119.2272,119.2272
Amana Growth, 07-Aug-2015,119.2298,119.2298
Amana Growth, 10-Aug-2015,120.6588,120.6588
Amana Growth, 11-Aug-2015,122.302,122.302
Amana Growth, 12-Aug-2015,123.0319,123.0319
Amana Growth, 13-Aug-2015,122.3604,122.3604
Amana Growth, 14-Aug-2015,122.0079,122.0079
Amana Growth, 17-Aug-2015,122.0123,122.0123
Amana Growth, 18-Aug-2015,121.6879,121.6879
Amana Growth, 19-Aug-2015,121.5963,121.5963
Amana Growth, 20-Aug-2015,121.75,121.75
Amana Growth, 21-Aug-2015,121.5765,121.5765
Amana Growth, 24-Aug-2015,120.6088,120.6088
Amana Growth, 25-Aug-2015,119.3284,119.3284
Amana Growth, 26-Aug-2015,117.8,117.8
Amana Growth, 27-Aug-2015,115.6249,115.6249
Amana Growth, 28-Aug-2015,114.9409,114.9409
Amana Growth, 31-Aug-2015,119.3732,119.3732
Amana Growth, 01-Sep-2015,117.9269,117.9269
Amana Growth, 02-Sep-2015,119.2424,119.2424
Amana Growth, 03-Sep-2015,119.1123,119.1123
Amana Growth, 04-Sep-2015,119.9488,119.9488
Amana Growth, 07-Sep-2015,120.1009,120.1009
Amana Growth, 08-Sep-2015,120.8897,120.8897
Amana Growth, 09-Sep-2015,121.2824,121.2824
Amana Growth, 10-Sep-2015,119.8388,119.8388
Amana Growth, 11-Sep-2015,124.1121,124.1121
Amana Growth, 14-Sep-2015,122.3727,122.3727
Amana Growth, 15-Sep-2015,123.2335,123.2335
Amana Growth, 16-Sep-2015,123.1941,123.1941
Amana Growth, 17-Sep-2015,123.2565,123.2565
Amana Growth, 18-Sep-2015,123.4138,123.4138
Amana Growth, 21-Sep-2015,124.2663,124.2663
Amana Growth, 22-Sep-2015,123.0124,123.0124
Amana Growth, 23-Sep-2015,123.1265,123.1265
Amana Growth, 24-Sep-2015,123.3296,123.3296
Amana Growth, 25-Sep-2015,123.602,123.602
Amana Growth, 28-Sep-2015,123.0964,123.0964
Amana Growth, 29-Sep-2015,123.1517,123.1517
Amana Growth, 30-Sep-2015,122.6396,122.6396
Amana Growth, 01-Oct-2015,122.747,122.747
Amana Growth, 02-Oct-2015,121.9851,121.9851
Amana Growth, 05-Oct-2015,121.2125,121.2125
Amana Growth, 06-Oct-2015,120.5045,120.5045
Amana Growth, 07-Oct-2015,120.2927,120.2927
Amana Growth, 08-Oct-2015,120.8378,120.8378
Amana Growth, 09-Oct-2015,120.2583,120.2583
Amana Growth, 12-Oct-2015,120.0142,120.0142
Amana Growth, 13-Oct-2015,119.8328,119.8328
Amana Growth, 14-Oct-2015,119.7444,119.7444
Amana Growth, 15-Oct-2015,119.0914,119.0914
Amana Growth, 16-Oct-2015,119.7921,119.7921
Amana Growth, 19-Oct-2015,120.0555,120.0555
Amana Growth, 21-Oct-2015,119.7717,119.7717
Amana Growth, 22-Oct-2015,120.523,120.523
Amana Growth, 23-Oct-2015,121.2474,121.2474
Amana Growth, 26-Oct-2015,122.3576,122.3576
Amana Growth, 27-Oct-2015,122.5568,122.5568
Amana Growth, 28-Oct-2015,122.1064,122.1064
Amana Growth, 29-Oct-2015,122.0255,122.0255
Amana Growth, 30-Oct-2015,116.888,116.888
Amana Growth, 31-Oct-2015,121.1688,121.1688
Amana Growth, 02-Nov-2015,121.8603,121.8603
Amana Growth, 03-Nov-2015,121.0813,121.0813
Amana Growth, 04-Nov-2015,122.0125,122.0125
Amana Growth, 05-Nov-2015,121.318,121.318
Amana Growth, 06-Nov-2015,123.0767,123.0767
Amana Growth, 09-Nov-2015,123.0013,123.0013
Amana Growth, 10-Nov-2015,122.8971,122.8971
Amana Growth, 11-Nov-2015,122.655,122.655
Amana Growth, 12-Nov-2015,122.25,122.25
Amana Growth, 13-Nov-2015,122.5594,122.5594
Amana Growth, 16-Nov-2015,122.4988,122.4988
Amana Growth, 17-Nov-2015,122.8316,122.8316
Amana Growth, 18-Nov-2015,122.5459,122.5459
Amana Growth, 19-Nov-2015,122.4383,122.4383
Amana Growth, 20-Nov-2015,122.5865,122.5865
Amana Growth, 23-Nov-2015,122.9097,122.9097
Amana Growth, 24-Nov-2015,123.0555,123.0555
Amana Growth, 25-Nov-2015,123.3464,123.3464
Amana Growth, 27-Nov-2015,123.5559,123.5559
Amana Growth, 30-Nov-2015,123.408,123.408
Amana Growth, 01-Dec-2015,123.7538,123.7538
Amana Growth, 02-Dec-2015,123.5098,123.5098
Amana Growth, 03-Dec-2015,123.4312,123.4312
Amana Growth, 04-Dec-2015,123.304,123.304
Amana Growth, 07-Dec-2015,123.2145,123.2145
Amana Growth, 08-Dec-2015,123.9661,123.9661
Amana Growth, 09-Dec-2015,124.167,124.167
Amana Growth, 10-Dec-2015,124.4755,124.4755
Amana Growth, 11-Dec-2015,124.4988,124.4988
Amana Growth, 14-Dec-2015,124.3704,124.3704
Amana Growth, 15-Dec-2015,123.1143,123.1143
Amana Growth, 16-Dec-2015,123.1696,123.1696
Amana Growth, 17-Dec-2015,123.6181,123.6181
Amana Growth, 18-Dec-2015,123.8516,123.8516
Amana Growth, 21-Dec-2015,123.9053,123.9053
Amana Growth, 22-Dec-2015,123.7606,123.7606
Amana Growth, 23-Dec-2015,123.6442,123.6442
Amana Growth, 24-Dec-2015,123.8662,123.8662
Amana Growth, 28-Dec-2015,123.7291,123.7291
Amana Growth, 31-Dec-2015,123.9146,123.9146
Amana Growth, 04-Jan-2016,125.4346,125.4346
Amana Growth, 05-Jan-2016,124.7039,124.7039
Amana Growth, 06-Jan-2016,125.6158,125.6158
Amana Growth, 07-Jan-2016,125.8406,125.8406
Amana Growth, 08-Jan-2016,124.5268,124.5268
Amana Growth, 11-Jan-2016,128.0179,128.0179
Amana Growth, 12-Jan-2016,126.8953,126.8953
Amana Growth, 13-Jan-2016,125.3533,125.3533
Amana Growth, 14-Jan-2016,124.5177,124.5177
Amana Growth, 15-Jan-2016,123.5687,123.5687
Amana Growth, 18-Jan-2016,123.1439,123.1439
Amana Growth, 19-Jan-2016,123.094,123.094
Amana Growth, 20-Jan-2016,122.4202,122.4202
Amana Growth, 21-Jan-2016,122.2362,122.2362
Amana Growth, 22-Jan-2016,122.3327,122.3327
Amana Growth, 25-Jan-2016,122.1396,122.1396
Amana Growth, 26-Jan-2016,122.7202,122.7202
Amana Growth, 27-Jan-2016,122.7075,122.7075
Amana Growth, 28-Jan-2016,123.0911,123.0911
Amana Growth, 29-Jan-2016,122.8654,122.8654
Amana Growth, 30-Jan-2016,122.8654,122.8654
Amana Growth, 31-Jan-2016,122.8654,122.8654
Amana Growth, 01-Feb-2016,123.3616,123.3616
Amana Growth, 02-Feb-2016,123.3995,123.3995
Amana Growth, 03-Feb-2016,123.2417,123.2417
Amana Growth, 04-Feb-2016,123.9423,123.9423
Amana Growth, 05-Feb-2016,124.2016,124.2016
Amana Growth, 08-Feb-2016,124.4876,124.4876
Amana Growth, 09-Feb-2016,125.9894,125.9894
Amana Growth, 10-Feb-2016,125.3452,125.3452
Amana Growth, 11-Feb-2016,125.1912,125.1912
Amana Growth, 12-Feb-2016,125.2756,125.2756
Amana Growth, 15-Feb-2016,124.9791,124.9791
Amana Growth, 16-Feb-2016,124.815,124.815
Amana Growth, 17-Feb-2016,124.9789,124.9789
Amana Growth, 18-Feb-2016,125.0624,125.0624
Amana Growth, 19-Feb-2016,124.9744,124.9744
Amana Growth, 22-Feb-2016,125.1429,125.1429
Amana Growth, 23-Feb-2016,125.1198,125.1198
Amana Growth, 24-Feb-2016,123.3039,123.3039
Amana Growth, 25-Feb-2016,123.561,123.561
Amana Growth, 26-Feb-2016,124.9838,124.9838
Amana Growth, 29-Feb-2016,124.7417,124.7417
Amana Growth, 01-Mar-2016,124.5097,124.5097
Amana Growth, 02-Mar-2016,124.5342,124.5342
Amana Growth, 03-Mar-2016,126.7921,126.7921
Amana Growth, 04-Mar-2016,124.8626,124.8626
Amana Growth, 07-Mar-2016,125.6417,125.6417
Amana Growth, 08-Mar-2016,126.2162,126.2162
Amana Growth, 09-Mar-2016,126.5385,126.5385
Amana Growth, 10-Mar-2016,127.2388,127.2388
Amana Growth, 11-Mar-2016,126.8324,126.8324
Amana Growth, 14-Mar-2016,126.5829,126.5829
Amana Growth, 15-Mar-2016,126.2478,126.2478
Amana Growth, 16-Mar-2016,126.1826,126.1826
Amana Growth, 17-Mar-2016,126.7515,126.7515
Amana Growth, 18-Mar-2016,126.4548,126.4548
Amana Growth, 21-Mar-2016,126.3295,126.3295
Amana Growth, 22-Mar-2016,126.3054,126.3054
Amana Growth, 23-Mar-2016,125.9042,125.9042
Amana Growth, 24-Mar-2016,126.2298,126.2298
Amana Growth, 29-Mar-2016,126.4807,126.4807
Amana Growth, 30-Mar-2016,126.5412,126.5412
Amana Growth, 31-Mar-2016,126.6219,126.6219
Amana Growth, 01-Apr-2016,126.9642,126.9642
Amana Growth, 04-Apr-2016,126.6908,126.6908
Amana Growth, 05-Apr-2016,126.3216,126.3216
Amana Growth, 06-Apr-2016,126.6259,126.6259
Amana Growth, 07-Apr-2016,126.8612,126.8612
Amana Growth, 08-Apr-2016,126.8802,126.8802
Amana Growth, 11-Apr-2016,126.8552,126.8552
Amana Growth, 12-Apr-2016,127.028,127.028
Amana Growth, 13-Apr-2016,127.0128,127.0128
Amana Growth, 14-Apr-2016,126.9549,126.9549
Amana Growth, 15-Apr-2016,126.5188,126.5188
Amana Growth, 18-Apr-2016,128.5373,128.5373
Amana Growth, 19-Apr-2016,127.6179,127.6179
Amana Growth, 20-Apr-2016,127.2803,127.2803
Amana Growth, 21-Apr-2016,126.9802,126.9802
Amana Growth, 22-Apr-2016,126.6404,126.6404
Amana Growth, 25-Apr-2016,126.5774,126.5774
Amana Growth, 26-Apr-2016,128.6623,128.6623
Amana Growth, 27-Apr-2016,128.7046,128.7046
Amana Growth, 28-Apr-2016,128.6043,128.6043
Amana Growth, 29-Apr-2016,128.6818,128.6818
Amana Growth, 30-Apr-2016,128.5635,128.5635
Amana Growth, 03-May-2016,129.0716,129.0716
Amana Growth, 04-May-2016,128.8566,128.8566
Amana Growth, 05-May-2016,127.9382,127.9382
Amana Growth, 06-May-2016,127.5597,127.5597
Amana Growth, 09-May-2016,127.9953,127.9953
Amana Growth, 10-May-2016,128.0835,128.0835
Amana Growth, 11-May-2016,128.1205,128.1205
Amana Growth, 12-May-2016,128.141,128.141
Amana Growth, 13-May-2016,128.2913,128.2913
Amana Growth, 16-May-2016,128.6703,128.6703
Amana Growth, 17-May-2016,128.3222,128.3222
Amana Growth, 18-May-2016,128.31,128.31
Amana Growth, 19-May-2016,128.3405,128.3405
Amana Growth, 20-May-2016,127.9195,127.9195
Amana Growth, 23-May-2016,128.3408,128.3408
Amana Growth, 24-May-2016,128.5321,128.5321
Amana Growth, 25-May-2016,128.3102,128.3102
Amana Growth, 26-May-2016,128.0133,128.0133
Amana Growth, 27-May-2016,128.1226,128.1226
Amana Growth, 30-May-2016,127.5984,127.5984
Amana Growth, 31-May-2016,128.8006,128.8006
Amana Growth, 02-Jun-2016,129.0679,129.0679
Amana Growth, 03-Jun-2016,127.1099,127.1099
Amana Growth, 06-Jun-2016,127.909,127.909
Amana Growth, 07-Jun-2016,127.4018,127.4018
Amana Growth, 08-Jun-2016,128.0352,128.0352
Amana Growth, 09-Jun-2016,127.9002,127.9002
Amana Growth, 10-Jun-2016,127.5063,127.5063
Amana Growth, 13-Jun-2016,126.7618,126.7618
Amana Growth, 14-Jun-2016,126.7002,126.7002
Amana Growth, 15-Jun-2016,126.1599,126.1599
Amana Growth, 16-Jun-2016,125.6926,125.6926
Amana Growth, 17-Jun-2016,126.3482,126.3482
Amana Growth, 20-Jun-2016,126.1812,126.1812
Amana Growth, 21-Jun-2016,126.7212,126.7212
Amana Growth, 22-Jun-2016,126.7153,126.7153
Amana Growth, 23-Jun-2016,126.6474,126.6474
Amana Growth, 24-Jun-2016,126.5216,126.5216
Amana Growth, 27-Jun-2016,126.5176,126.5176
Amana Growth, 28-Jun-2016,124.6879,124.6879
Amana Growth, 29-Jun-2016,126.1127,126.1127
Amana Growth, 30-Jun-2016,127.0213,127.0213
Amana Growth, 01-Jul-2016,127.5419,127.5419
Amana Growth, 04-Jul-2016,126.7845,126.7845
Amana Growth, 05-Jul-2016,126.8137,126.8137
Amana Growth, 06-Jul-2016,126.9378,126.9378
Amana Growth, 08-Jul-2016,126.245,126.245
Amana Growth, 11-Jul-2016,126.8013,126.8013
Amana Growth, 12-Jul-2016,127.7617,127.7617
Amana Growth, 13-Jul-2016,125.6089,125.6089
Amana Growth, 14-Jul-2016,125.7101,125.7101
Amana Growth, 15-Jul-2016,125.3813,125.3813
Amana Growth, 18-Jul-2016,125.2225,125.2225
Amana Growth, 19-Jul-2016,124.8525,124.8525
Amana Growth, 20-Jul-2016,125.1722,125.1722
Amana Growth, 21-Jul-2016,125.0705,125.0705
Amana Growth, 22-Jul-2016,124.8555,124.8555
Amana Growth, 25-Jul-2016,125.9491,125.9491
Amana Growth, 26-Jul-2016,125.8703,125.8703
Amana Growth, 27-Jul-2016,126.1076,126.1076
Amana Growth, 28-Jul-2016,126.0169,126.0169
Amana Growth, 31-Jul-2016,125.8446,125.8446
Amana Growth, 01-Aug-2016,125.4324,125.4324
Amana Growth, 02-Aug-2016,126.3683,126.3683
Amana Growth, 03-Aug-2016,125.9516,125.9516
Amana Growth, 04-Aug-2016,125.8268,125.8268
Amana Growth, 05-Aug-2016,125.3536,125.3536
Amana Growth, 08-Aug-2016,125.8602,125.8602
Amana Growth, 09-Aug-2016,126.0208,126.0208
Amana Growth, 10-Aug-2016,125.88,125.88
Amana Growth, 11-Aug-2016,126.412,126.412
Amana Growth, 12-Aug-2016,126.0551,126.0551
Amana Growth, 15-Aug-2016,126.1187,126.1187
Amana Growth, 16-Aug-2016,126.1333,126.1333
Amana Growth, 17-Aug-2016,126.1265,126.1265
Amana Growth, 18-Aug-2016,126.7591,126.7591
Amana Growth, 19-Aug-2016,126.8394,126.8394
Amana Growth, 22-Aug-2016,126.7409,126.7409
Amana Growth, 23-Aug-2016,126.8691,126.8691
Amana Growth, 24-Aug-2016,126.0874,126.0874
Amana Growth, 25-Aug-2016,127.0046,127.0046
Amana Growth, 26-Aug-2016,124.6415,124.6415
Amana Growth, 29-Aug-2016,123.1052,123.1052
Amana Growth, 30-Aug-2016,121.7547,121.7547
Amana Growth, 31-Aug-2016,121.9592,121.9592
Amana Growth, 01-Sep-2016,123.5126,123.5126
Amana Growth, 02-Sep-2016,122.9779,122.9779
Amana Growth, 05-Sep-2016,122.9403,122.9403
Amana Growth, 06-Sep-2016,122.5475,122.5475
Amana Growth, 07-Sep-2016,122.6548,122.6548
Amana Growth, 08-Sep-2016,124.9663,124.9663
Amana Growth, 09-Sep-2016,125.559,125.559
Amana Growth, 13-Sep-2016,124.8435,124.8435
Amana Growth, 14-Sep-2016,125.1019,125.1019
Amana Growth, 15-Sep-2016,125.2276,125.2276
Amana Growth, 16-Sep-2016,124.6306,124.6306
Amana Growth, 19-Sep-2016,124.4627,124.4627
Amana Growth, 20-Sep-2016,124.8769,124.8769
Amana Growth, 21-Sep-2016,123.9495,123.9495
Amana Growth, 22-Sep-2016,123.8923,123.8923
Amana Growth, 23-Sep-2016,123.8213,123.8213
Amana Growth, 26-Sep-2016,123.8736,123.8736
Amana Growth, 27-Sep-2016,123.7096,123.7096
Amana Growth, 28-Sep-2016,124.2742,124.2742
Amana Growth, 29-Sep-2016,124.6469,124.6469
Amana Growth, 30-Sep-2016,125.3951,125.3951
Amana Growth, 03-Oct-2016,126.4215,126.4215
Amana Growth, 04-Oct-2016,127.8223,127.8223
Amana Growth, 05-Oct-2016,127.3664,127.3664
Amana Growth, 06-Oct-2016,127.5351,127.5351
Amana Growth, 07-Oct-2016,127.2433,127.2433
Amana Growth, 10-Oct-2016,126.8283,126.8283
Amana Growth, 11-Oct-2016,127.3073,127.3073
Amana Growth, 12-Oct-2016,127.6912,127.6912
Amana Growth, 13-Oct-2016,127.5106,127.5106
Amana Growth, 14-Oct-2016,127.1239,127.1239
Amana Growth, 17-Oct-2016,127.2157,127.2157
Amana Growth, 18-Oct-2016,127.0397,127.0397
Amana Growth, 19-Oct-2016,127.1965,127.1965
Amana Growth, 21-Oct-2016,126.9189,126.9189
Amana Growth, 24-Oct-2016,126.8971,126.8971
Amana Growth, 25-Oct-2016,127.0575,127.0575
Amana Growth, 26-Oct-2016,127.0025,127.0025
Amana Growth, 27-Oct-2016,126.9371,126.9371
Amana Growth, 28-Oct-2016,126.6465,126.6465
Amana Growth, 31-Oct-2016,126.9776,126.9776
Amana Growth, 01-Nov-2016,128.2631,128.2631
Amana Growth, 02-Nov-2016,127.8982,127.8982
Amana Growth, 03-Nov-2016,126.9441,126.9441
Amana Growth, 04-Nov-2016,127.6422,127.6422
Amana Growth, 07-Nov-2016,128.287,128.287
Amana Growth, 08-Nov-2016,128.3344,128.3344
Amana Growth, 09-Nov-2016,128.4948,128.4948
Amana Growth, 10-Nov-2016,128.3203,128.3203
Amana Growth, 11-Nov-2016,128.4953,128.4953
Amana Growth, 14-Nov-2016,128.5546,128.5546
Amana Growth, 15-Nov-2016,128.6774,128.6774
Amana Growth, 16-Nov-2016,128.653,128.653
Amana Growth, 17-Nov-2016,128.7355,128.7355
Amana Growth, 18-Nov-2016,128.7772,128.7772
Amana Growth, 21-Nov-2016,128.7939,128.7939
Amana Growth, 22-Nov-2016,128.922,128.922
Amana Growth, 23-Nov-2016,128.9714,128.9714
Amana Growth, 24-Nov-2016,129.0063,129.0063
Amana Growth, 25-Nov-2016,128.9839,128.9839
Amana Growth, 28-Nov-2016,129.0005,129.0005
Amana Growth, 29-Nov-2016,129.1797,129.1797
Amana Growth, 30-Nov-2016,129.218,129.218
Amana Growth, 01-Dec-2016,129.5796,129.5796
Amana Growth, 02-Dec-2016,129.4473,129.4473
Amana Growth, 05-Dec-2016,129.0965,129.0965
Amana Growth, 06-Dec-2016,129.503,129.503
Amana Growth, 07-Dec-2016,129.5858,129.5858
Amana Growth, 08-Dec-2016,129.6239,129.6239
Amana Growth, 09-Dec-2016,129.6355,129.6355
Amana Growth, 13-Dec-2016,130.6851,130.6851
Amana Growth, 14-Dec-2016,131.0186,131.0186
Amana Growth, 15-Dec-2016,131.0585,131.0585
Amana Growth, 16-Dec-2016,130.9725,130.9725
Amana Growth, 19-Dec-2016,132.0265,132.0265
Amana Growth, 20-Dec-2016,132.1016,132.1016
Amana Growth, 21-Dec-2016,131.6908,131.6908
Amana Growth, 22-Dec-2016,131.7478,131.7478
Amana Growth, 23-Dec-2016,131.8085,131.8085
Amana Growth, 28-Dec-2016,131.9142,131.9142
Amana Growth, 29-Dec-2016,132.0066,132.0066
Amana Growth, 30-Dec-2016,132.0153,132.0153
Amana Growth, 31-Dec-2016,132.0565,132.0565
Amana Growth, 03-Jan-2017,132.517,132.517
Amana Growth, 04-Jan-2017,132.2291,132.2291
Amana Growth, 05-Jan-2017,132.0926,132.0926
Amana Growth, 06-Jan-2017,131.8523,131.8523
Amana Growth, 09-Jan-2017,132.1625,132.1625
Amana Growth, 10-Jan-2017,132.2036,132.2036
Amana Growth, 11-Jan-2017,132.2446,132.2446
Amana Growth, 12-Jan-2017,132.2535,132.2535
Amana Growth, 13-Jan-2017,132.1158,132.1158
Amana Growth, 16-Jan-2017,132.5984,132.5984
Amana Growth, 17-Jan-2017,132.6933,132.6933
Amana Growth, 18-Jan-2017,132.7343,132.7343
Amana Growth, 19-Jan-2017,132.7754,132.7754
Amana Growth, 20-Jan-2017,130.8435,130.8435
Amana Growth, 23-Jan-2017,130.9647,130.9647
Amana Growth, 24-Jan-2017,131.005,131.005
Amana Growth, 25-Jan-2017,131.0451,131.0451
Amana Growth, 26-Jan-2017,131.0852,131.0852
Amana Growth, 27-Jan-2017,130.9329,130.9329
Amana Growth, 30-Jan-2017,130.9678,130.9678
Amana Growth, 31-Jan-2017,131.015,131.015
Amana Growth, 01-Feb-2017,131.7413,131.7413
Amana Growth, 02-Feb-2017,132.1423,132.1423
Amana Growth, 03-Feb-2017,132.0171,132.0171
Amana Growth, 06-Feb-2017,132.3152,132.3152
Amana Growth, 07-Feb-2017,132.1843,132.1843
Amana Growth, 08-Feb-2017,132.1216,132.1216
Amana Growth, 09-Feb-2017,132.1764,132.1764
Amana Growth, 10-Feb-2017,131.7384,131.7384
Amana Growth, 13-Feb-2017,132.0126,132.0126
Amana Growth, 14-Feb-2017,131.3603,131.3603
Amana Growth, 15-Feb-2017,131.8547,131.8547
Amana Growth, 16-Feb-2017,132.0223,132.0223
Amana Growth, 17-Feb-2017,132.0551,132.0551
Amana Growth, 20-Feb-2017,132.0799,132.0799
Amana Growth, 21-Feb-2017,132.0684,132.0684
Amana Growth, 22-Feb-2017,132.1441,132.1441
Amana Growth, 23-Feb-2017,132.176,132.176
Amana Growth, 24-Feb-2017,132.282,132.282
Amana Growth, 27-Feb-2017,132.3629,132.3629
Amana Growth, 28-Feb-2017,132.4833,132.4833
Amana Growth, 01-Mar-2017,132.6788,132.6788
Amana Growth, 02-Mar-2017,132.5051,132.5051
Amana Growth, 03-Mar-2017,132.3226,132.3226
Amana Growth, 06-Mar-2017,132.1689,132.1689
Amana Growth, 07-Mar-2017,132.2617,132.2617
Amana Growth, 08-Mar-2017,131.91,131.91
Amana Growth, 09-Mar-2017,131.9243,131.9243
Amana Growth, 10-Mar-2017,131.8705,131.8705
Amana Growth, 13-Mar-2017,131.9441,131.9441
Amana Growth, 14-Mar-2017,132.0892,132.0892
Amana Growth, 15-Mar-2017,132.1952,132.1952
Amana Growth, 16-Mar-2017,132.2283,132.2283
Amana Growth, 17-Mar-2017,132.3923,132.3923
Amana Growth, 20-Mar-2017,132.5289,132.5289
Amana Growth, 21-Mar-2017,132.7444,132.7444
Amana Growth, 22-Mar-2017,132.5442,132.5442
Amana Growth, 23-Mar-2017,132.8844,132.8844
Amana Growth, 24-Mar-2017,132.9179,132.9179
Amana Growth, 27-Mar-2017,133.1398,133.1398
Amana Growth, 28-Mar-2017,133.3182,133.3182
Amana Growth, 29-Mar-2017,133.4239,133.4239
Amana Growth, 30-Mar-2017,133.532,133.532
Amana Growth, 31-Mar-2017,133.4571,133.4571
Amana Growth, 03-Apr-2017,133.9715,133.9715
Amana Growth, 04-Apr-2017,133.8699,133.8699
Amana Growth, 05-Apr-2017,133.9728,133.9728
Amana Growth, 06-Apr-2017,134.0788,134.0788
Amana Growth, 07-Apr-2017,134.4023,134.4023
Amana Growth, 10-Apr-2017,134.4547,134.4547
Amana Growth, 11-Apr-2017,134.4333,134.4333
Amana Growth, 12-Apr-2017,134.7559,134.7559
Amana Growth, 13-Apr-2017,134.3447,134.3447
Amana Growth, 18-Apr-2017,136.0676,136.0676
Amana Growth, 19-Apr-2017,134.5344,134.5344
Amana Growth, 20-Apr-2017,134.5404,134.5404
Amana Growth, 21-Apr-2017,134.5126,134.5126
Amana Growth, 24-Apr-2017,134.8795,134.8795
Amana Growth, 25-Apr-2017,134.9199,134.9199
Amana Growth, 26-Apr-2017,135.1475,135.1475
Amana Growth, 27-Apr-2017,135.3536,135.3536
Amana Growth, 28-Apr-2017,135.3942,135.3942
Amana Growth, 30-Apr-2017,135.4689,135.4689
Amana Growth, 02-May-2017,135.8526,135.8526
Amana Growth, 03-May-2017,135.8931,135.8931
Amana Growth, 04-May-2017,135.8336,135.8336
Amana Growth, 05-May-2017,136.0962,136.0962
Amana Growth, 08-May-2017,136.1836,136.1836
Amana Growth, 09-May-2017,136.3059,136.3059
Amana Growth, 10-May-2017,135.9457,135.9457
Amana Growth, 11-May-2017,135.8885,135.8885
Amana Growth, 12-May-2017,135.9822,135.9822
Amana Growth, 15-May-2017,136.0853,136.0853
Amana Growth, 16-May-2017,136.0574,136.0574
Amana Growth, 17-May-2017,129.7072,129.7072
Amana Growth, 18-May-2017,135.9677,135.9677
Amana Growth, 19-May-2017,136.0429,136.0429
Amana Growth, 22-May-2017,136.0795,136.0795
Amana Growth, 23-May-2017,136.1479,136.1479
Amana Growth, 24-May-2017,136.1072,136.1072
Amana Growth, 25-May-2017,136.2243,136.2243
Amana Growth, 26-May-2017,136.2309,136.2309
Amana Growth, 29-May-2017,136.5343,136.5343
Amana Growth, 30-May-2017,136.549,136.549
Amana Growth, 31-May-2017,136.8175,136.8175
Amana Growth, 02-Jun-2017,137.0339,137.0339
Amana Growth, 05-Jun-2017,137.3049,137.3049
Amana Growth, 06-Jun-2017,136.9081,136.9081
Amana Growth, 07-Jun-2017,136.9449,136.9449
Amana Growth, 08-Jun-2017,136.9831,136.9831
Amana Growth, 09-Jun-2017,137.0215,137.0215
Amana Growth, 12-Jun-2017,136.972,136.972
Amana Growth, 13-Jun-2017,137.0538,137.0538
Amana Growth, 14-Jun-2017,137.1544,137.1544
Amana Growth, 15-Jun-2017,137.1979,137.1979
Amana Growth, 16-Jun-2017,137.3057,137.3057
Amana Growth, 19-Jun-2017,137.3767,137.3767
Amana Growth, 20-Jun-2017,137.5745,137.5745
Amana Growth, 21-Jun-2017,137.6821,137.6821
Amana Growth, 22-Jun-2017,137.7966,137.7966
Amana Growth, 23-Jun-2017,137.7921,137.7921
Amana Growth, 27-Jun-2017,137.9591,137.9591
Amana Growth, 28-Jun-2017,138.0773,138.0773
Amana Growth, 29-Jun-2017,138.062,138.062
Amana Growth, 30-Jun-2017,138.1186,138.1186
Amana Growth, 03-Jul-2017,138.1358,138.1358
Amana Growth, 04-Jul-2017,134.9788,134.9788
Amana Growth, 05-Jul-2017,134.6035,134.6035
Amana Growth, 06-Jul-2017,138.1707,138.1707
Amana Growth, 07-Jul-2017,138.2216,138.2216
Amana Growth, 10-Jul-2017,138.3879,138.3879
Amana Growth, 11-Jul-2017,138.4058,138.4058
Amana Growth, 12-Jul-2017,138.1345,138.1345
Amana Growth, 13-Jul-2017,138.1714,138.1714
Amana Growth, 14-Jul-2017,137.6809,137.6809
Amana Growth, 17-Jul-2017,137.918,137.918
Amana Growth, 18-Jul-2017,138.2703,138.2703
Amana Growth, 19-Jul-2017,141.3964,141.3964
Amana Growth, 20-Jul-2017,138.5772,138.5772
Amana Growth, 21-Jul-2017,138.5225,138.5225
Amana Growth, 24-Jul-2017,138.7198,138.7198
Amana Growth, 25-Jul-2017,138.7146,138.7146
Amana Growth, 26-Jul-2017,138.5513,138.5513
Amana Growth, 27-Jul-2017,138.7773,138.7773
Amana Growth, 28-Jul-2017,138.8352,138.8352
Amana Growth, 31-Jul-2017,138.9694,138.9694
Amana Growth, 01-Aug-2017,142.1149,142.1149
Amana Growth, 02-Aug-2017,139.2627,139.2627
Amana Growth, 03-Aug-2017,139.4224,139.4224
Amana Growth, 04-Aug-2017,139.1883,139.1883
Amana Growth, 07-Aug-2017,139.2273,139.2273
Amana Growth, 09-Aug-2017,139.3323,139.3323
Amana Growth, 10-Aug-2017,139.5259,139.5259
Amana Growth, 11-Aug-2017,139.6001,139.6001
Amana Growth, 14-Aug-2017,139.7909,139.7909
Amana Growth, 15-Aug-2017,139.8375,139.8375
Amana Growth, 16-Aug-2017,139.9143,139.9143
Amana Growth, 17-Aug-2017,139.9453,139.9453
Amana Growth, 18-Aug-2017,140.0025,140.0025
Amana Growth, 21-Aug-2017,139.8912,139.8912
Amana Growth, 22-Aug-2017,140.0358,140.0358
Amana Growth, 23-Aug-2017,143.483,143.483
Amana Growth, 24-Aug-2017,140.1634,140.1634
Amana Growth, 25-Aug-2017,140.2049,140.2049
Amana Growth, 28-Aug-2017,140.0162,140.0162
Amana Growth, 29-Aug-2017,140.2427,140.2427
Amana Growth, 30-Aug-2017,140.197,140.197
Amana Growth, 31-Aug-2017,140.3368,140.3368
Amana Growth, 01-Sep-2017,140.6255,140.6255
Amana Growth, 04-Sep-2017,140.6425,140.6425
Amana Growth, 05-Sep-2017,140.9531,140.9531
Amana Growth, 06-Sep-2017,140.7015,140.7015
Amana Growth, 07-Sep-2017,140.7686,140.7686
Amana Growth, 08-Sep-2017,140.5003,140.5003
Amana Growth, 11-Sep-2017,141.2973,141.2973
Amana Growth, 12-Sep-2017,140.6433,140.6433
Amana Growth, 13-Sep-2017,140.6443,140.6443
Amana Growth, 14-Sep-2017,140.6975,140.6975
Amana Growth, 15-Sep-2017,140.7363,140.7363
Amana Growth, 18-Sep-2017,140.7817,140.7817
Amana Growth, 19-Sep-2017,140.8063,140.8063
Amana Growth, 20-Sep-2017,140.8595,140.8595
Amana Growth, 21-Sep-2017,142.7179,142.7179
Amana Growth, 22-Sep-2017,140.9008,140.9008
Amana Growth, 25-Sep-2017,140.9818,140.9818
Amana Growth, 26-Sep-2017,140.9623,140.9623
Amana Growth, 27-Sep-2017,141.0103,141.0103
Amana Growth, 28-Sep-2017,141.0466,141.0466
Amana Growth, 29-Sep-2017,142.6503,142.6503
Amana Growth, 30-Sep-2017,142.6768,142.6768
Amana Growth, 02-Oct-2017,143.1783,143.1783
Amana Growth, 03-Oct-2017,143.121,143.121
Amana Growth, 04-Oct-2017,143.3365,143.3365
Amana Growth, 05-Oct-2017,143.3692,143.3692
Amana Growth, 06-Oct-2017,143.1348,143.1348
Amana Growth, 09-Oct-2017,143.2123,143.2123
Amana Growth, 10-Oct-2017,143.1152,143.1152
Amana Growth, 11-Oct-2017,143.1437,143.1437
Amana Growth, 12-Oct-2017,143.0312,143.0312
Amana Growth, 13-Oct-2017,143.2937,143.2937
Amana Growth, 16-Oct-2017,143.2264,143.2264
Amana Growth, 17-Oct-2017,143.0361,143.0361
Amana Growth, 18-Oct-2017,143.3204,143.3204
Amana Growth, 19-Oct-2017,143.3391,143.3391
Amana Growth, 23-Oct-2017,143.2989,143.2989
Amana Growth, 24-Oct-2017,143.7291,143.7291
Amana Growth, 27-Oct-2017,143.7695,143.7695
Amana Growth, 30-Oct-2017,144.0864,144.0864
Amana Growth, 31-Oct-2017,144.5044,144.5044
Amana Growth, 01-Nov-2017,144.9652,144.9652
Amana Growth, 02-Nov-2017,145.1784,145.1784
Amana Growth, 03-Nov-2017,145.3739,145.3739
Amana Growth, 06-Nov-2017,145.4835,145.4835
Amana Growth, 07-Nov-2017,145.0439,145.0439
Amana Growth, 08-Nov-2017,144.8917,144.8917
Amana Growth, 09-Nov-2017,145.0737,145.0737
Amana Growth, 10-Nov-2017,144.9675,144.9675
Amana Growth, 13-Nov-2017,144.6288,144.6288
Amana Growth, 14-Nov-2017,144.308,144.308
Amana Growth, 15-Nov-2017,144.3843,144.3843
Amana Growth, 16-Nov-2017,144.7369,144.7369
Amana Growth, 17-Nov-2017,144.7629,144.7629
Amana Growth, 20-Nov-2017,144.8612,144.8612
Amana Growth, 21-Nov-2017,144.84,144.84
Amana Growth, 22-Nov-2017,145.1483,145.1483
Amana Growth, 23-Nov-2017,145.2213,145.2213
Amana Growth, 24-Nov-2017,145.2495,145.2495
Amana Growth, 27-Nov-2017,145.2404,145.2404
Amana Growth, 29-Nov-2017,145.1497,145.1497
Amana Growth, 30-Nov-2017,143.4809,143.4809
Amana Growth, 01-Dec-2017,143.9623,143.9623
Amana Growth, 04-Dec-2017,143.9027,143.9027
Amana Growth, 05-Dec-2017,144.2364,144.2364
Amana Growth, 06-Dec-2017,144.5751,144.5751
Amana Growth, 07-Dec-2017,145.1133,145.1133
Amana Growth, 08-Dec-2017,145.1338,145.1338
Amana Growth, 11-Dec-2017,145.0702,145.0702
Amana Growth, 13-Dec-2017,145.4158,145.4158
Amana Growth, 14-Dec-2017,144.8935,144.8935
Amana Growth, 15-Dec-2017,145.0362,145.0362
Amana Growth, 18-Dec-2017,145.7385,145.7385
Amana Growth, 19-Dec-2017,145.7485,145.7485
Amana Growth, 29-Dec-2017,145.1349,145.1349
Amana Growth, 31-Dec-2017,145.3408,145.3408
Amana Growth, 02-Jan-2018,145.2959,145.2959
Amana Growth, 03-Jan-2018,145.4121,145.4121
Amana Growth, 04-Jan-2018,145.368,145.368
Amana Growth, 05-Jan-2018,145.2523,145.2523
Amana Growth, 08-Jan-2018,145.3895,145.3895
Amana Growth, 09-Jan-2018,144.9457,144.9457
Amana Growth, 10-Jan-2018,145.5032,145.5032
Amana Growth, 11-Jan-2018,145.6376,145.6376
Amana Growth, 12-Jan-2018,145.8426,145.8426
Amana Growth, 15-Jan-2018,145.4741,145.4741
Amana Growth, 16-Jan-2018,145.6238,145.6238
Amana Growth, 17-Jan-2018,145.6573,145.6573
Amana Growth, 18-Jan-2018,145.6872,145.6872
Amana Growth, 19-Jan-2018,145.3611,145.3611
Amana Growth, 22-Jan-2018,145.3451,145.3451
Amana Growth, 23-Jan-2018,146.6851,146.6851
Amana Growth, 24-Jan-2018,146.5824,146.5824
Amana Growth, 25-Jan-2018,146.6832,146.6832
Amana Growth, 26-Jan-2018,146.5285,146.5285
Amana Growth, 29-Jan-2018,146.5704,146.5704
Amana Growth, 30-Jan-2018,146.4111,146.4111
Amana Growth, 31-Jan-2018,145.0103,145.0103
Amana Growth, 01-Feb-2018,145.4795,145.4795
Amana Growth, 02-Feb-2018,146.2166,146.2166
Amana Growth, 05-Feb-2018,146.5679,146.5679
Amana Growth, 06-Feb-2018,146.7584,146.7584
Amana Growth, 07-Feb-2018,146.3994,146.3994
Amana Growth, 08-Feb-2018,146.2457,146.2457
Amana Growth, 09-Feb-2018,146.36,146.36
Amana Growth, 12-Feb-2018,146.6919,146.6919
Amana Growth, 13-Feb-2018,150.2621,150.2621
Amana Growth, 14-Feb-2018,148.9202,148.9202
Amana Growth, 15-Feb-2018,148.6742,148.6742
Amana Growth, 16-Feb-2018,148.3807,148.3807
Amana Growth, 19-Feb-2018,148.3093,148.3093
Amana Growth, 20-Feb-2018,148.247,148.247
Amana Growth, 21-Feb-2018,148.2351,148.2351
Amana Growth, 22-Feb-2018,148.1377,148.1377
Amana Growth, 23-Feb-2018,148.1693,148.1693
Amana Growth, 26-Feb-2018,148.3187,148.3187
Amana Growth, 27-Feb-2018,147.9815,147.9815
Amana Growth, 28-Feb-2018,147.452,147.452
Amana Growth, 01-Mar-2018,148.3657,148.3657
Amana Growth, 02-Mar-2018,148.0013,148.0013
Amana Growth, 05-Mar-2018,147.4758,147.4758
Amana Growth, 06-Mar-2018,149.0538,149.0538
Amana Growth, 07-Mar-2018,148.847,148.847
Amana Growth, 08-Mar-2018,149.0338,149.0338
Amana Growth, 09-Mar-2018,148.8079,148.8079
Amana Growth, 12-Mar-2018,149.9983,149.9983
Amana Growth, 13-Mar-2018,148.5533,148.5533
Amana Growth, 14-Mar-2018,148.4141,148.4141
Amana Growth, 15-Mar-2018,148.4274,148.4274
Amana Growth, 16-Mar-2018,148.6596,148.6596
Amana Growth, 19-Mar-2018,149.1586,149.1586
Amana Growth, 20-Mar-2018,149.5302,149.5302
Amana Growth, 21-Mar-2018,149.4617,149.4617
Amana Growth, 22-Mar-2018,152.8226,152.8226
Amana Growth, 23-Mar-2018,150.4377,150.4377
Amana Growth, 26-Mar-2018,150.7301,150.7301
Amana Growth, 27-Mar-2018,150.7522,150.7522
Amana Growth, 28-Mar-2018,150.7793,150.7793
Amana Growth, 29-Mar-2018,150.7989,150.7989
Amana Growth, 31-Mar-2018,151.1184,151.1184
Amana Growth, 03-Apr-2018,150.9469,150.9469
Amana Growth, 04-Apr-2018,151.2173,151.2173
Amana Growth, 05-Apr-2018,151.3543,151.3543
Amana Growth, 06-Apr-2018,150.9343,150.9343
Amana Growth, 09-Apr-2018,150.8777,150.8777
Amana Growth, 10-Apr-2018,150.9836,150.9836
Amana Growth, 11-Apr-2018,150.3012,150.3012
Amana Growth, 12-Apr-2018,150.9731,150.9731
Amana Growth, 13-Apr-2018,151.2686,151.2686
Amana Growth, 16-Apr-2018,151.0634,151.0634
Amana Growth, 17-Apr-2018,150.9114,150.9114
Amana Growth, 18-Apr-2018,150.8672,150.8672
Amana Growth, 19-Apr-2018,150.5575,150.5575
Amana Growth, 20-Apr-2018,150.6645,150.6645
Amana Growth, 23-Apr-2018,150.8104,150.8104
Amana Growth, 24-Apr-2018,150.9592,150.9592
Amana Growth, 25-Apr-2018,150.831,150.831
Amana Growth, 26-Apr-2018,162.5283,162.5283
Amana Growth, 27-Apr-2018,150.5995,150.5995
Amana Growth, 30-Apr-2018,151.224,151.224
Amana Growth, 02-May-2018,150.9847,150.9847
Amana Growth, 03-May-2018,151.0934,151.0934
Amana Growth, 04-May-2018,151.3043,151.3043
Amana Growth, 07-May-2018,151.6351,151.6351
Amana Growth, 08-May-2018,151.4663,151.4663
Amana Growth, 09-May-2018,151.5105,151.5105
Amana Growth, 10-May-2018,151.5389,151.5389
Amana Growth, 11-May-2018,151.2481,151.2481
Amana Growth, 14-May-2018,151.3301,151.3301
Amana Growth, 15-May-2018,151.1803,151.1803
Amana Growth, 16-May-2018,151.0718,151.0718
Amana Growth, 17-May-2018,151.0535,151.0535
Amana Growth, 18-May-2018,150.7864,150.7864
Amana Growth, 21-May-2018,150.4928,150.4928
Amana Growth, 22-May-2018,150.1891,150.1891
Amana Growth, 23-May-2018,150.3166,150.3166
Amana Growth, 24-May-2018,149.9085,149.9085
Amana Growth, 25-May-2018,149.5874,149.5874
Amana Growth, 28-May-2018,149.2556,149.2556
Amana Growth, 29-May-2018,149.3891,149.3891
Amana Growth, 30-May-2018,149.4859,149.4859
Amana Growth, 31-May-2018,149.6402,149.6402
Amana Growth, 04-Jun-2018,150.1726,150.1726
Amana Growth, 05-Jun-2018,150.562,150.562
Amana Growth, 06-Jun-2018,150.4022,150.4022
Amana Growth, 07-Jun-2018,150.3126,150.3126
Amana Growth, 08-Jun-2018,150.7907,150.7907
Amana Growth, 11-Jun-2018,150.3608,150.3608
Amana Growth, 12-Jun-2018,150.0505,150.0505
Amana Growth, 13-Jun-2018,150.2904,150.2904
Amana Growth, 14-Jun-2018,150.2268,150.2268
Amana Growth, 18-Jun-2018,150.4912,150.4912
Amana Growth, 19-Jun-2018,151.2122,151.2122
Amana Growth, 20-Jun-2018,151.4831,151.4831
Amana Growth, 21-Jun-2018,150.9162,150.9162
Amana Growth, 22-Jun-2018,150.989,150.989
Amana Growth, 25-Jun-2018,150.9029,150.9029
Amana Growth, 26-Jun-2018,152.1965,152.1965
Amana Growth, 27-Jun-2018,151.1267,151.1267
Amana Growth, 28-Jun-2018,151.3429,151.3429
Amana Growth, 29-Jun-2018,151.2451,151.2451
Amana Growth, 30-Jun-2018,151.2469,151.2469
Amana Growth, 02-Jul-2018,151.5821,151.5821
Amana Growth, 03-Jul-2018,151.52,151.52
Amana Growth, 04-Jul-2018,151.1778,151.1778
Amana Growth, 05-Jul-2018,151.2233,151.2233
Amana Growth, 06-Jul-2018,150.93,150.93
Amana Growth, 09-Jul-2018,152.0993,152.0993
Amana Growth, 10-Jul-2018,152.1527,152.1527
Amana Growth, 11-Jul-2018,152.2577,152.2577
Amana Growth, 12-Jul-2018,151.8152,151.8152
Amana Growth, 13-Jul-2018,151.433,151.433
Amana Growth, 16-Jul-2018,151.0437,151.0437
Amana Growth, 17-Jul-2018,150.4703,150.4703
Amana Growth, 18-Jul-2018,150.3811,150.3811
Amana Growth, 19-Jul-2018,149.7906,149.7906
Amana Growth, 20-Jul-2018,151.8172,151.8172
Amana Growth, 23-Jul-2018,152.2562,152.2562
Amana Growth, 24-Jul-2018,152.1187,152.1187
Amana Growth, 25-Jul-2018,152.2895,152.2895
Amana Growth, 26-Jul-2018,152.4206,152.4206
Amana Growth, 27-Jul-2018,152.5242,152.5242
Amana Growth, 30-Jul-2018,152.5713,152.5713
Amana Growth, 31-Jul-2018,152.2469,152.2469
Amana Growth, 01-Aug-2018,151.5334,151.5334
Amana Growth, 02-Aug-2018,151.537,151.537
Amana Growth, 03-Aug-2018,151.699,151.699
Amana Growth, 06-Aug-2018,151.4538,151.4538
Amana Growth, 07-Aug-2018,151.7525,151.7525
Amana Growth, 08-Aug-2018,152.0308,152.0308
Amana Growth, 09-Aug-2018,152.0143,152.0143
Amana Growth, 10-Aug-2018,151.5454,151.5454
Amana Growth, 13-Aug-2018,152.3369,152.3369
Amana Growth, 14-Aug-2018,150.9158,150.9158
Amana Growth, 15-Aug-2018,151.4546,151.4546
Amana Growth, 16-Aug-2018,151.3538,151.3538
Amana Growth, 17-Aug-2018,151.1957,151.1957
Amana Growth, 20-Aug-2018,151.2875,151.2875
Amana Growth, 22-Aug-2018,150.9451,150.9451
Amana Growth, 23-Aug-2018,146.3756,146.3756
Amana Growth, 24-Aug-2018,150.185,150.185
Amana Growth, 27-Aug-2018,150.0544,150.0544
Amana Growth, 28-Aug-2018,149.0888,149.0888
Amana Growth, 29-Aug-2018,148.6788,148.6788
Amana Growth, 30-Aug-2018,148.4462,148.4462
Amana Growth, 31-Aug-2018,148.5799,148.5799
Amana Growth, 03-Sep-2018,147.8941,147.8941
Amana Growth, 04-Sep-2018,148.4976,148.4976
Amana Growth, 05-Sep-2018,148.0102,148.0102
Amana Growth, 06-Sep-2018,147.1622,147.1622
Amana Growth, 07-Sep-2018,146.8616,146.8616
Amana Growth, 10-Sep-2018,147.3455,147.3455
Amana Growth, 11-Sep-2018,146.8178,146.8178
Amana Growth, 12-Sep-2018,146.1627,146.1627
Amana Growth, 13-Sep-2018,146.0945,146.0945
Amana Growth, 14-Sep-2018,145.925,145.925
Amana Growth, 17-Sep-2018,146.0128,146.0128
Amana Growth, 18-Sep-2018,145.8637,145.8637
Amana Growth, 19-Sep-2018,145.2282,145.2282
Amana Growth, 20-Sep-2018,145.1334,145.1334
Amana Growth, 21-Sep-2018,143.9815,143.9815
Amana Growth, 24-Sep-2018,143.42,143.42
Amana Growth, 25-Sep-2018,144.0907,144.0907
Amana Growth, 26-Sep-2018,143.6576,143.6576
Amana Growth, 27-Sep-2018,143.3891,143.3891
Amana Growth, 28-Sep-2018,143.6073,143.6073
Amana Growth, 30-Sep-2018,143.0759,143.0759
Amana Growth, 01-Oct-2018,142.8227,142.8227
Amana Growth, 02-Oct-2018,144.1053,144.1053
Amana Growth, 03-Oct-2018,142.9002,142.9002
Amana Growth, 04-Oct-2018,143.5557,143.5557
Amana Growth, 05-Oct-2018,143.0874,143.0874
Amana Growth, 08-Oct-2018,142.7503,142.7503
Amana Growth, 09-Oct-2018,142.531,142.531
Amana Growth, 11-Oct-2018,142.5843,142.5843
Amana Growth, 12-Oct-2018,142.2075,142.2075
Amana Growth, 15-Oct-2018,141.9134,141.9134
Amana Growth, 16-Oct-2018,141.5158,141.5158
Amana Growth, 17-Oct-2018,141.37,141.37
Amana Growth, 18-Oct-2018,141.7476,141.7476
Amana Growth, 19-Oct-2018,141.8576,141.8576
Amana Growth, 22-Oct-2018,142.6465,142.6465
Amana Growth, 23-Oct-2018,142.3253,142.3253
Amana Growth, 24-Oct-2018,142.1507,142.1507
Amana Growth, 25-Oct-2018,142.3651,142.3651
Amana Growth, 26-Oct-2018,142.5766,142.5766
Amana Growth, 29-Oct-2018,141.7286,141.7286
Amana Growth, 30-Oct-2018,141.6099,141.6099
Amana Growth, 31-Oct-2018,141.7208,141.7208
Amana Growth, 01-Nov-2018,141.8832,141.8832
Amana Growth, 02-Nov-2018,141.5526,141.5526
Amana Growth, 05-Nov-2018,141.5329,141.5329
Amana Growth, 06-Nov-2018,141.4194,141.4194
Amana Growth, 07-Nov-2018,141.2007,141.2007
Amana Growth, 08-Nov-2018,141.3129,141.3129
Amana Growth, 09-Nov-2018,141.2693,141.2693
Amana Growth, 12-Nov-2018,141.5053,141.5053
Amana Growth, 13-Nov-2018,141.1865,141.1865
BEVALINE,, 14/Nov/2018,3:02:40 PM
